<?xml version="1.0"?>
<doc>
    <assembly>
        <name>Microsoft.DiaSymReader.Converter.Xml</name>
    </assembly>
    <members>
        <member name="T:Microsoft.CodeAnalysis.PooledObjects.ArrayBuilder`1.Enumerator">
            <summary>
            struct enumerator used in foreach.
            </summary>
        </member>
        <member name="M:Microsoft.CodeAnalysis.PooledObjects.ArrayBuilder`1.ToImmutable">
            <summary>
            Realizes the array.
            </summary>
        </member>
        <member name="M:Microsoft.CodeAnalysis.PooledObjects.ArrayBuilder`1.SetItem(System.Int32,`0)">
            <summary>
            Write <paramref name="value"/> to slot <paramref name="index"/>. 
            Fills in unallocated slots preceding the <paramref name="index"/>, if any.
            </summary>
        </member>
        <member name="M:Microsoft.CodeAnalysis.PooledObjects.ArrayBuilder`1.ToImmutableOrNull">
            <summary>
            Realizes the array.
            </summary>
        </member>
        <member name="M:Microsoft.CodeAnalysis.PooledObjects.ArrayBuilder`1.ToDowncastedImmutable``1">
            <summary>
            Realizes the array, downcasting each element to a derived type.
            </summary>
        </member>
        <member name="M:Microsoft.CodeAnalysis.PooledObjects.ArrayBuilder`1.ToImmutableAndFree">
            <summary>
            Realizes the array and disposes the builder in one operation.
            </summary>
        </member>
        <member name="T:Microsoft.CodeAnalysis.PooledObjects.ObjectPool`1">
            <summary>
            Generic implementation of object pooling pattern with predefined pool size limit. The main
            purpose is that limited number of frequently used objects can be kept in the pool for
            further recycling.
            
            Notes: 
            1) it is not the goal to keep all returned objects. Pool is not meant for storage. If there
               is no space in the pool, extra returned objects will be dropped.
            
            2) it is implied that if object was obtained from a pool, the caller will return it back in
               a relatively short time. Keeping checked out objects for long durations is ok, but 
               reduces usefulness of pooling. Just new up your own.
            
            Not returning objects to the pool in not detrimental to the pool's work, but is a bad practice. 
            Rationale: 
               If there is no intent for reusing the object, do not use pool - just use "new". 
            </summary>
        </member>
        <member name="T:Microsoft.CodeAnalysis.PooledObjects.ObjectPool`1.Factory">
            <remarks>
            Not using System.Func{T} because this file is linked into the (debugger) Formatter,
            which does not have that type (since it compiles against .NET 2.0).
            </remarks>
        </member>
        <member name="M:Microsoft.CodeAnalysis.PooledObjects.ObjectPool`1.Allocate">
            <summary>
            Produces an instance.
            </summary>
            <remarks>
            Search strategy is a simple linear probing which is chosen for it cache-friendliness.
            Note that Free will try to store recycled objects close to the start thus statistically 
            reducing how far we will typically search.
            </remarks>
        </member>
        <member name="M:Microsoft.CodeAnalysis.PooledObjects.ObjectPool`1.Free(`0)">
            <summary>
            Returns objects to the pool.
            </summary>
            <remarks>
            Search strategy is a simple linear probing which is chosen for it cache-friendliness.
            Note that Free will try to store recycled objects close to the start thus statistically 
            reducing how far we will typically search in Allocate.
            </remarks>
        </member>
        <member name="M:Microsoft.CodeAnalysis.PooledObjects.ObjectPool`1.ForgetTrackedObject(`0,`0)">
            <summary>
            Removes an object from leak tracking.  
            
            This is called when an object is returned to the pool.  It may also be explicitly 
            called if an object allocated from the pool is intentionally not being returned
            to the pool.  This can be of use with pooled arrays if the consumer wants to 
            return a larger array to the pool than was originally allocated.
            </summary>
        </member>
        <member name="T:Microsoft.CodeAnalysis.PooledObjects.PooledDelegates">
            <summary>
            Provides pooled delegate instances to help avoid closure allocations for delegates that require a state argument
            with APIs that do not provide appropriate overloads with state arguments.
            </summary>
        </member>
        <member name="M:Microsoft.CodeAnalysis.PooledObjects.PooledDelegates.GetPooledAction``1(System.Action{``0},``0,System.Action@)">
             <summary>
             Gets an <see cref="T:System.Action"/> delegate, which calls <paramref name="unboundAction"/> with the specified
             <paramref name="argument"/>. The resulting <paramref name="boundAction"/> may be called any number of times
             until the returned <see cref="T:Microsoft.CodeAnalysis.PooledObjects.PooledDelegates.Releaser"/> is disposed.
             </summary>
             <example>
             <para>The following example shows the use of a capturing delegate for a callback action that requires an
             argument:</para>
            
             <code>
             int x = 3;
             RunWithActionCallback(() => this.DoSomething(x));
             </code>
            
             <para>The following example shows the use of a pooled delegate to avoid capturing allocations for the same
             callback action:</para>
            
             <code>
             int x = 3;
             using var _ = GetPooledAction(arg => arg.self.DoSomething(arg.x), (self: this, x), out Action action);
             RunWithActionCallback(action);
             </code>
             </example>
             <typeparam name="TArg">The type of argument to pass to <paramref name="unboundAction"/>.</typeparam>
             <param name="unboundAction">The unbound action delegate.</param>
             <param name="argument">The argument to pass to the unbound action delegate.</param>
             <param name="boundAction">A delegate which calls <paramref name="unboundAction"/> with the specified
             <paramref name="argument"/>.</param>
             <returns>A disposable <see cref="T:Microsoft.CodeAnalysis.PooledObjects.PooledDelegates.Releaser"/> which returns the object to the delegate pool.</returns>
        </member>
        <member name="M:Microsoft.CodeAnalysis.PooledObjects.PooledDelegates.GetPooledAction``2(System.Action{``0,``1},``1,System.Action{``0}@)">
             <summary>
             Gets an <see cref="T:System.Action`1"/> delegate, which calls <paramref name="unboundAction"/> with the specified
             <paramref name="argument"/>. The resulting <paramref name="boundAction"/> may be called any number of times
             until the returned <see cref="T:Microsoft.CodeAnalysis.PooledObjects.PooledDelegates.Releaser"/> is disposed.
             </summary>
             <example>
             <para>The following example shows the use of a capturing delegate for a callback action that requires an
             argument:</para>
            
             <code>
             int x = 3;
             RunWithActionCallback(a => this.DoSomething(a, x));
             </code>
            
             <para>The following example shows the use of a pooled delegate to avoid capturing allocations for the same
             callback action:</para>
            
             <code>
             int x = 3;
             using var _ = GetPooledAction((a, arg) => arg.self.DoSomething(a, arg.x), (self: this, x), out Action&lt;int&gt; action);
             RunWithActionCallback(action);
             </code>
             </example>
             <typeparam name="T1">The type of the first parameter of the bound action.</typeparam>
             <typeparam name="TArg">The type of argument to pass to <paramref name="unboundAction"/>.</typeparam>
             <param name="unboundAction">The unbound action delegate.</param>
             <param name="argument">The argument to pass to the unbound action delegate.</param>
             <param name="boundAction">A delegate which calls <paramref name="unboundAction"/> with the specified
             <paramref name="argument"/>.</param>
             <returns>A disposable <see cref="T:Microsoft.CodeAnalysis.PooledObjects.PooledDelegates.Releaser"/> which returns the object to the delegate pool.</returns>
        </member>
        <member name="M:Microsoft.CodeAnalysis.PooledObjects.PooledDelegates.GetPooledAction``3(System.Action{``0,``1,``2},``2,System.Action{``0,``1}@)">
             <summary>
             Gets an <see cref="T:System.Action`2"/> delegate, which calls <paramref name="unboundAction"/> with the specified
             <paramref name="argument"/>. The resulting <paramref name="boundAction"/> may be called any number of times
             until the returned <see cref="T:Microsoft.CodeAnalysis.PooledObjects.PooledDelegates.Releaser"/> is disposed.
             </summary>
             <example>
             <para>The following example shows the use of a capturing delegate for a callback action that requires an
             argument:</para>
            
             <code>
             int x = 3;
             RunWithActionCallback((a, b) => this.DoSomething(a, b, x));
             </code>
            
             <para>The following example shows the use of a pooled delegate to avoid capturing allocations for the same
             callback action:</para>
            
             <code>
             int x = 3;
             using var _ = GetPooledAction((a, b, arg) => arg.self.DoSomething(a, b, arg.x), (self: this, x), out Action&lt;int, int&gt; action);
             RunWithActionCallback(action);
             </code>
             </example>
             <typeparam name="T1">The type of the first parameter of the bound action.</typeparam>
             <typeparam name="T2">The type of the second parameter of the bound action.</typeparam>
             <typeparam name="TArg">The type of argument to pass to <paramref name="unboundAction"/>.</typeparam>
             <param name="unboundAction">The unbound action delegate.</param>
             <param name="argument">The argument to pass to the unbound action delegate.</param>
             <param name="boundAction">A delegate which calls <paramref name="unboundAction"/> with the specified
             <paramref name="argument"/>.</param>
             <returns>A disposable <see cref="T:Microsoft.CodeAnalysis.PooledObjects.PooledDelegates.Releaser"/> which returns the object to the delegate pool.</returns>
        </member>
        <member name="M:Microsoft.CodeAnalysis.PooledObjects.PooledDelegates.GetPooledAction``4(System.Action{``0,``1,``2,``3},``3,System.Action{``0,``1,``2}@)">
             <summary>
             Gets an <see cref="T:System.Action`3"/> delegate, which calls <paramref name="unboundAction"/> with the specified
             <paramref name="argument"/>. The resulting <paramref name="boundAction"/> may be called any number of times
             until the returned <see cref="T:Microsoft.CodeAnalysis.PooledObjects.PooledDelegates.Releaser"/> is disposed.
             </summary>
             <example>
             <para>The following example shows the use of a capturing delegate for a callback action that requires an
             argument:</para>
            
             <code>
             int x = 3;
             RunWithActionCallback((a, b, c) => this.DoSomething(a, b, c, x));
             </code>
            
             <para>The following example shows the use of a pooled delegate to avoid capturing allocations for the same
             callback action:</para>
            
             <code>
             int x = 3;
             using var _ = GetPooledAction((a, b, c, arg) => arg.self.DoSomething(a, b, c, arg.x), (self: this, x), out Action&lt;int, int, int&gt; action);
             RunWithActionCallback(action);
             </code>
             </example>
             <typeparam name="T1">The type of the first parameter of the bound action.</typeparam>
             <typeparam name="T2">The type of the second parameter of the bound action.</typeparam>
             <typeparam name="T3">The type of the third parameter of the bound action.</typeparam>
             <typeparam name="TArg">The type of argument to pass to <paramref name="unboundAction"/>.</typeparam>
             <param name="unboundAction">The unbound action delegate.</param>
             <param name="argument">The argument to pass to the unbound action delegate.</param>
             <param name="boundAction">A delegate which calls <paramref name="unboundAction"/> with the specified
             <paramref name="argument"/>.</param>
             <returns>A disposable <see cref="T:Microsoft.CodeAnalysis.PooledObjects.PooledDelegates.Releaser"/> which returns the object to the delegate pool.</returns>
        </member>
        <member name="M:Microsoft.CodeAnalysis.PooledObjects.PooledDelegates.GetPooledFunction``2(System.Func{``0,``1},``0,System.Func{``1}@)">
             <summary>
             Gets a <see cref="T:System.Func`1"/> delegate, which calls <paramref name="unboundFunction"/> with the
             specified <paramref name="argument"/>. The resulting <paramref name="boundFunction"/> may be called any
             number of times until the returned <see cref="T:Microsoft.CodeAnalysis.PooledObjects.PooledDelegates.Releaser"/> is disposed.
             </summary>
             <example>
             <para>The following example shows the use of a capturing delegate for a predicate that requires an
             argument:</para>
            
             <code>
             int x = 3;
             RunWithPredicate(() => this.IsSomething(x));
             </code>
            
             <para>The following example shows the use of a pooled delegate to avoid capturing allocations for the same
             predicate:</para>
            
             <code>
             int x = 3;
             using var _ = GetPooledFunction(arg => arg.self.IsSomething(arg.x), (self: this, x), out Func&lt;bool&gt; predicate);
             RunWithPredicate(predicate);
             </code>
             </example>
             <typeparam name="TArg">The type of argument to pass to <paramref name="unboundFunction"/>.</typeparam>
             <typeparam name="TResult">The type of the return value of the function.</typeparam>
             <param name="unboundFunction">The unbound function delegate.</param>
             <param name="argument">The argument to pass to the unbound function delegate.</param>
             <param name="boundFunction">A delegate which calls <paramref name="unboundFunction"/> with the specified
             <paramref name="argument"/>.</param>
             <returns>A disposable <see cref="T:Microsoft.CodeAnalysis.PooledObjects.PooledDelegates.Releaser"/> which returns the object to the delegate pool.</returns>
        </member>
        <member name="M:Microsoft.CodeAnalysis.PooledObjects.PooledDelegates.GetPooledFunction``3(System.Func{``0,``1,``2},``1,System.Func{``0,``2}@)">
             <summary>
             Gets a <see cref="T:System.Func`2"/> delegate, which calls <paramref name="unboundFunction"/> with the
             specified <paramref name="argument"/>. The resulting <paramref name="boundFunction"/> may be called any
             number of times until the returned <see cref="T:Microsoft.CodeAnalysis.PooledObjects.PooledDelegates.Releaser"/> is disposed.
             </summary>
             <example>
             <para>The following example shows the use of a capturing delegate for a predicate that requires an
             argument:</para>
            
             <code>
             int x = 3;
             RunWithPredicate(a => this.IsSomething(a, x));
             </code>
            
             <para>The following example shows the use of a pooled delegate to avoid capturing allocations for the same
             predicate:</para>
            
             <code>
             int x = 3;
             using var _ = GetPooledFunction((a, arg) => arg.self.IsSomething(a, arg.x), (self: this, x), out Func&lt;int, bool&gt; predicate);
             RunWithPredicate(predicate);
             </code>
             </example>
             <typeparam name="T1">The type of the first parameter of the bound function.</typeparam>
             <typeparam name="TArg">The type of argument to pass to <paramref name="unboundFunction"/>.</typeparam>
             <typeparam name="TResult">The type of the return value of the function.</typeparam>
             <param name="unboundFunction">The unbound function delegate.</param>
             <param name="argument">The argument to pass to the unbound function delegate.</param>
             <param name="boundFunction">A delegate which calls <paramref name="unboundFunction"/> with the specified
             <paramref name="argument"/>.</param>
             <returns>A disposable <see cref="T:Microsoft.CodeAnalysis.PooledObjects.PooledDelegates.Releaser"/> which returns the object to the delegate pool.</returns>
        </member>
        <member name="M:Microsoft.CodeAnalysis.PooledObjects.PooledDelegates.GetPooledFunction``4(System.Func{``0,``1,``2,``3},``2,System.Func{``0,``1,``3}@)">
             <summary>
             Gets a <see cref="T:System.Func`3"/> delegate, which calls <paramref name="unboundFunction"/> with the
             specified <paramref name="argument"/>. The resulting <paramref name="boundFunction"/> may be called any
             number of times until the returned <see cref="T:Microsoft.CodeAnalysis.PooledObjects.PooledDelegates.Releaser"/> is disposed.
             </summary>
             <example>
             <para>The following example shows the use of a capturing delegate for a predicate that requires an
             argument:</para>
            
             <code>
             int x = 3;
             RunWithPredicate((a, b) => this.IsSomething(a, b, x));
             </code>
            
             <para>The following example shows the use of a pooled delegate to avoid capturing allocations for the same
             predicate:</para>
            
             <code>
             int x = 3;
             using var _ = GetPooledFunction((a, b, arg) => arg.self.IsSomething(a, b, arg.x), (self: this, x), out Func&lt;int, int, bool&gt; predicate);
             RunWithPredicate(predicate);
             </code>
             </example>
             <typeparam name="T1">The type of the first parameter of the bound function.</typeparam>
             <typeparam name="T2">The type of the second parameter of the bound function.</typeparam>
             <typeparam name="TArg">The type of argument to pass to <paramref name="unboundFunction"/>.</typeparam>
             <typeparam name="TResult">The type of the return value of the function.</typeparam>
             <param name="unboundFunction">The unbound function delegate.</param>
             <param name="argument">The argument to pass to the unbound function delegate.</param>
             <param name="boundFunction">A delegate which calls <paramref name="unboundFunction"/> with the specified
             <paramref name="argument"/>.</param>
             <returns>A disposable <see cref="T:Microsoft.CodeAnalysis.PooledObjects.PooledDelegates.Releaser"/> which returns the object to the delegate pool.</returns>
        </member>
        <member name="M:Microsoft.CodeAnalysis.PooledObjects.PooledDelegates.GetPooledFunction``5(System.Func{``0,``1,``2,``3,``4},``3,System.Func{``0,``1,``2,``4}@)">
             <summary>
             Gets a <see cref="T:System.Func`4"/> delegate, which calls <paramref name="unboundFunction"/> with the
             specified <paramref name="argument"/>. The resulting <paramref name="boundFunction"/> may be called any
             number of times until the returned <see cref="T:Microsoft.CodeAnalysis.PooledObjects.PooledDelegates.Releaser"/> is disposed.
             </summary>
             <example>
             <para>The following example shows the use of a capturing delegate for a predicate that requires an
             argument:</para>
            
             <code>
             int x = 3;
             RunWithPredicate((a, b, c) => this.IsSomething(a, b, c, x));
             </code>
            
             <para>The following example shows the use of a pooled delegate to avoid capturing allocations for the same
             predicate:</para>
            
             <code>
             int x = 3;
             using var _ = GetPooledFunction((a, b, c, arg) => arg.self.IsSomething(a, b, c, arg.x), (self: this, x), out Func&lt;int, int, int, bool&gt; predicate);
             RunWithPredicate(predicate);
             </code>
             </example>
             <typeparam name="T1">The type of the first parameter of the bound function.</typeparam>
             <typeparam name="T2">The type of the second parameter of the bound function.</typeparam>
             <typeparam name="T3">The type of the third parameter of the bound function.</typeparam>
             <typeparam name="TArg">The type of argument to pass to <paramref name="unboundFunction"/>.</typeparam>
             <typeparam name="TResult">The type of the return value of the function.</typeparam>
             <param name="unboundFunction">The unbound function delegate.</param>
             <param name="argument">The argument to pass to the unbound function delegate.</param>
             <param name="boundFunction">A delegate which calls <paramref name="unboundFunction"/> with the specified
             <paramref name="argument"/>.</param>
             <returns>A disposable <see cref="T:Microsoft.CodeAnalysis.PooledObjects.PooledDelegates.Releaser"/> which returns the object to the delegate pool.</returns>
        </member>
        <member name="T:Microsoft.CodeAnalysis.PooledObjects.PooledDelegates.Releaser">
             <summary>
             A releaser for a pooled delegate.
             </summary>
             <remarks>
             <para>This type is intended for use as the resource of a <c>using</c> statement. When used in this manner,
             <see cref="M:Microsoft.CodeAnalysis.PooledObjects.PooledDelegates.Releaser.Dispose"/> should not be called explicitly.</para>
            
             <para>If used without a <c>using</c> statement, calling <see cref="M:Microsoft.CodeAnalysis.PooledObjects.PooledDelegates.Releaser.Dispose"/> is optional. If the call is
             omitted, the object will not be returned to the pool. The behavior of this type if <see cref="M:Microsoft.CodeAnalysis.PooledObjects.PooledDelegates.Releaser.Dispose"/> is
             called multiple times is undefined.</para>
             </remarks>
        </member>
        <member name="T:Microsoft.CodeAnalysis.PooledObjects.PooledStringBuilder">
            <summary>
            The usage is:
                   var inst = PooledStringBuilder.GetInstance();
                   var sb = inst.builder;
                   ... Do Stuff...
                   ... sb.ToString() ...
                   inst.Free();
            </summary>
        </member>
        <member name="M:Microsoft.CodeAnalysis.PooledObjects.PooledStringBuilder.CreatePool(System.Int32)">
            <summary>
            If someone need to create a private pool
            </summary>
            <param name="size">The size of the pool.</param>
            <returns></returns>
        </member>
        <member name="T:Microsoft.CodeAnalysis.Debugging.CustomDebugInfoConstants">
            <summary>
            Constants for producing and consuming streams of binary custom debug info.
            </summary>
        </member>
        <member name="M:Microsoft.CodeAnalysis.Debugging.CustomDebugInfoEncoder.ToArray">
            <exception cref="T:System.InvalidOperationException">More than <see cref="F:System.Byte.MaxValue"/> records added.</exception>
        </member>
        <member name="T:Microsoft.CodeAnalysis.Debugging.CustomDebugInfoKind">
            <summary>
            The kinds of custom debug info that we know how to interpret.
            The values correspond to possible values of the "kind" byte
            in the record header.
            </summary>
        </member>
        <member name="F:Microsoft.CodeAnalysis.Debugging.CustomDebugInfoKind.UsingGroups">
            <summary>
            C# only. Encodes the sizes of using groups that are applicable to the method.
            The actual import strings are stored separately trhu ISymUnmanagedWriter.UsingNamespace.
            </summary>
        </member>
        <member name="F:Microsoft.CodeAnalysis.Debugging.CustomDebugInfoKind.ForwardMethodInfo">
            <summary>
            C# only. Indicates that per-method debug information (import strings) is stored on another method, 
            whose token is specified.
            </summary>
        </member>
        <member name="F:Microsoft.CodeAnalysis.Debugging.CustomDebugInfoKind.ForwardModuleInfo">
            <summary>
            C# only. Indicates that per-module debug information (assembly reference aliases) is stored on another method, 
            whose token is specified.
            </summary>
        </member>
        <member name="F:Microsoft.CodeAnalysis.Debugging.CustomDebugInfoKind.StateMachineHoistedLocalScopes">
            <summary>
            C# only. Specifies local scopes for state machine hoisted local variables.
            </summary>
        </member>
        <member name="F:Microsoft.CodeAnalysis.Debugging.CustomDebugInfoKind.StateMachineTypeName">
            <summary>
            C# and VB. The name of the state machine type. Emitted for async and iterator kick-off methods.
            </summary>
        </member>
        <member name="F:Microsoft.CodeAnalysis.Debugging.CustomDebugInfoKind.DynamicLocals">
            <summary>
            C# only. Dynamic flags for local variables and constants.
            </summary>
        </member>
        <member name="F:Microsoft.CodeAnalysis.Debugging.CustomDebugInfoKind.EditAndContinueLocalSlotMap">
            <summary>
            C# and VB. Encodes EnC local variable slot map.
            See https://github.com/dotnet/corefx/blob/master/src/System.Reflection.Metadata/specs/PortablePdb-Metadata.md#EditAndContinueLocalSlotMap.
            </summary>
        </member>
        <member name="F:Microsoft.CodeAnalysis.Debugging.CustomDebugInfoKind.EditAndContinueLambdaMap">
            <summary>
            C# and VB. Encodes EnC lambda map.
            See https://github.com/dotnet/corefx/blob/master/src/System.Reflection.Metadata/specs/PortablePdb-Metadata.md#EditAndContinueLambdaAndClosureMap.
            </summary>
        </member>
        <member name="F:Microsoft.CodeAnalysis.Debugging.CustomDebugInfoKind.TupleElementNames">
            <summary>
            C# and VB. Tuple element names for local variables and constants.
            </summary>
        </member>
        <member name="T:Microsoft.CodeAnalysis.Debugging.CustomDebugInfoReader">
            <summary>
            A collection of utility method for consuming custom debug info from a PDB.
            </summary>
            <remarks>
            This is not a public API, so we're just going to let bad offsets fail on their own.
            </remarks>
        </member>
        <member name="M:Microsoft.CodeAnalysis.Debugging.CustomDebugInfoReader.ReadGlobalHeader(System.Byte[],System.Int32@,System.Byte@,System.Byte@)">
            <summary>
            This is the first header in the custom debug info blob.
            </summary>
        </member>
        <member name="M:Microsoft.CodeAnalysis.Debugging.CustomDebugInfoReader.ReadRecordHeader(System.Byte[],System.Int32@,System.Byte@,Microsoft.CodeAnalysis.Debugging.CustomDebugInfoKind@,System.Int32@,System.Int32@)">
            <summary>
            After the global header (see <see cref="M:Microsoft.CodeAnalysis.Debugging.CustomDebugInfoReader.ReadGlobalHeader(System.Byte[],System.Int32@,System.Byte@,System.Byte@)"/> comes list of custom debug info record.
            Each record begins with a standard header.
            </summary>
        </member>
        <member name="M:Microsoft.CodeAnalysis.Debugging.CustomDebugInfoReader.TryGetCustomDebugInfoRecord(System.Byte[],Microsoft.CodeAnalysis.Debugging.CustomDebugInfoKind)">
            <exception cref="T:System.InvalidOperationException"></exception>
        </member>
        <member name="M:Microsoft.CodeAnalysis.Debugging.CustomDebugInfoReader.GetCustomDebugInfoRecords(System.Byte[])">
            <remarks>
            Exposed for <see cref="T:Roslyn.Test.PdbUtilities.PdbToXmlConverter"/>.
            </remarks>
            <exception cref="T:System.InvalidOperationException"></exception>
        </member>
        <member name="M:Microsoft.CodeAnalysis.Debugging.CustomDebugInfoReader.DecodeUsingRecord(System.Collections.Immutable.ImmutableArray{System.Byte})">
            <summary>
            For each namespace declaration enclosing a method (innermost-to-outermost), there is a count
            of the number of imports in that declaration.
            </summary>
            <remarks>
            There's always at least one entry (for the global namespace).
            Exposed for <see cref="T:Roslyn.Test.PdbUtilities.PdbToXmlConverter"/>.
            </remarks>
        </member>
        <member name="M:Microsoft.CodeAnalysis.Debugging.CustomDebugInfoReader.DecodeForwardRecord(System.Collections.Immutable.ImmutableArray{System.Byte})">
            <summary>
            This indicates that further information can be obtained by looking at the custom debug
            info of another method (specified by token).
            </summary>
            <remarks>
            Appears when multiple method would otherwise have identical using records (see <see cref="M:Microsoft.CodeAnalysis.Debugging.CustomDebugInfoReader.DecodeUsingRecord(System.Collections.Immutable.ImmutableArray{System.Byte})"/>).
            Exposed for <see cref="T:Roslyn.Test.PdbUtilities.PdbToXmlConverter"/>.
            </remarks>
        </member>
        <member name="M:Microsoft.CodeAnalysis.Debugging.CustomDebugInfoReader.DecodeForwardToModuleRecord(System.Collections.Immutable.ImmutableArray{System.Byte})">
            <summary>
            This indicates that further information can be obtained by looking at the custom debug
            info of another method (specified by token).
            </summary>
            <remarks>
            Appears when there are extern aliases and edit-and-continue is disabled.
            Exposed for <see cref="T:Roslyn.Test.PdbUtilities.PdbToXmlConverter"/>.
            </remarks>
        </member>
        <member name="M:Microsoft.CodeAnalysis.Debugging.CustomDebugInfoReader.DecodeStateMachineHoistedLocalScopesRecord(System.Collections.Immutable.ImmutableArray{System.Byte})">
            <summary>
            Scopes of state machine hoisted local variables.
            </summary>
            <remarks>
            Exposed for <see cref="T:Roslyn.Test.PdbUtilities.PdbToXmlConverter"/>.
            </remarks>
        </member>
        <member name="M:Microsoft.CodeAnalysis.Debugging.CustomDebugInfoReader.DecodeForwardIteratorRecord(System.Collections.Immutable.ImmutableArray{System.Byte})">
            <summary>
            Indicates that this method is the iterator state machine for the method named in the record.
            </summary>
            <remarks>
            Appears when are iterator methods.
            Exposed for <see cref="T:Roslyn.Test.PdbUtilities.PdbToXmlConverter"/>.
            </remarks>
        </member>
        <member name="M:Microsoft.CodeAnalysis.Debugging.CustomDebugInfoReader.DecodeDynamicLocalsRecord(System.Collections.Immutable.ImmutableArray{System.Byte})">
            <summary>
            Does for locals what System.Runtime.CompilerServices.DynamicAttribute does for parameters, return types, and fields.
            In particular, indicates which occurrences of <see cref="T:System.Object"/> in the signature are really dynamic.
            </summary>
            <remarks>
            Appears when there are dynamic locals.
            Exposed for <see cref="T:Roslyn.Test.PdbUtilities.PdbToXmlConverter"/>.
            </remarks>
            <exception cref="T:System.InvalidOperationException">Bad data.</exception>
        </member>
        <member name="M:Microsoft.CodeAnalysis.Debugging.CustomDebugInfoReader.DecodeTupleElementNamesRecord(System.Collections.Immutable.ImmutableArray{System.Byte})">
            <summary>
            Tuple element names for locals.
            </summary>
        </member>
        <member name="M:Microsoft.CodeAnalysis.Debugging.CustomDebugInfoReader.ReadRawRecordBody(System.Byte[],System.Int32@,System.Int32,System.Collections.Immutable.ImmutableArray{System.Byte}@)">
            <summary>
            Returns the raw bytes of a record.
            </summary>
        </member>
        <member name="M:Microsoft.CodeAnalysis.Debugging.CustomDebugInfoReader.SkipRecord(System.Byte[],System.Int32@,System.Int32)">
            <summary>
            Skips past a record.
            </summary>
        </member>
        <member name="M:Microsoft.CodeAnalysis.Debugging.CustomDebugInfoReader.GetCSharpGroupedImportStrings``1(System.Int32,``0,System.Func{System.Int32,``0,System.Byte[]},System.Func{System.Int32,``0,System.Collections.Immutable.ImmutableArray{System.String}},System.Collections.Immutable.ImmutableArray{System.String}@)">
            <summary>
            Get the import strings for a given method, following forward pointers as necessary.
            </summary>
            <returns>
            For each namespace enclosing the method, a list of import strings, innermost to outermost.
            There should always be at least one entry, for the global namespace.
            </returns>
        </member>
        <member name="M:Microsoft.CodeAnalysis.Debugging.CustomDebugInfoReader.GetVisualBasicImportStrings``1(System.Int32,``0,System.Func{System.Int32,``0,System.Collections.Immutable.ImmutableArray{System.String}})">
            <summary>
            Get the import strings for a given method, following forward pointers as necessary.
            </summary>
            <returns>
            A list of import strings.  There should always be at least one entry, for the global namespace.
            </returns>
        </member>
        <member name="M:Microsoft.CodeAnalysis.Debugging.CustomDebugInfoReader.TryParseCSharpImportString(System.String,System.String@,System.String@,System.String@,Microsoft.CodeAnalysis.Debugging.ImportTargetKind@)">
            <summary>
            Parse a string representing a C# using (or extern alias) directive.
            </summary>
            <remarks>
            <![CDATA[
            For C#:
             "USystem" -> <namespace name="System" />
             "AS USystem" -> <alias name="S" target="System" kind="namespace" />
             "AC TSystem.Console" -> <alias name="C" target="System.Console" kind="type" />
             "AS ESystem alias" -> <alias name="S" qualifier="alias" target="System" kind="type" />
             "XOldLib" -> <extern alias="OldLib" />
             "ZOldLib assembly" -> <externinfo name="OldLib" assembly="assembly" />
             "ESystem alias" -> <namespace qualifier="alias" name="System" />
             "TSystem.Math" -> <type name="System.Math" />
            ]]>
            </remarks>
        </member>
        <member name="M:Microsoft.CodeAnalysis.Debugging.CustomDebugInfoReader.TryParseVisualBasicImportString(System.String,System.String@,System.String@,Microsoft.CodeAnalysis.Debugging.ImportTargetKind@,Microsoft.CodeAnalysis.Debugging.VBImportScopeKind@)">
            <summary>
            Parse a string representing a VB import statement.
            </summary>
            <exception cref="T:System.ArgumentNullException"><paramref name="import"/> is null.</exception>
            <exception cref="T:System.ArgumentException">Format of <paramref name="import"/> is not valid.</exception>
        </member>
        <member name="M:Microsoft.CodeAnalysis.Debugging.CustomDebugInfoReader.ReadUtf8String(System.Collections.Immutable.ImmutableArray{System.Byte},System.Int32@)">
            <summary>
            Read UTF8 string with null terminator.
            </summary>
        </member>
        <member name="F:Microsoft.CodeAnalysis.Debugging.ImportTargetKind.Namespace">
            <summary>
            C# or VB namespace import.
            </summary>
        </member>
        <member name="F:Microsoft.CodeAnalysis.Debugging.ImportTargetKind.Type">
            <summary>
            C# or VB type import.
            </summary>
        </member>
        <member name="F:Microsoft.CodeAnalysis.Debugging.ImportTargetKind.NamespaceOrType">
            <summary>
            VB namespace or type alias target (not specified).
            </summary>
        </member>
        <member name="F:Microsoft.CodeAnalysis.Debugging.ImportTargetKind.Assembly">
            <summary>
            C# extern alias.
            </summary>
        </member>
        <member name="F:Microsoft.CodeAnalysis.Debugging.ImportTargetKind.XmlNamespace">
            <summary>
            VB XML import.
            </summary>
        </member>
        <member name="F:Microsoft.CodeAnalysis.Debugging.ImportTargetKind.MethodToken">
            <summary>
            VB forwarding information (i.e. another method has the imports for this one).
            </summary>
        </member>
        <member name="F:Microsoft.CodeAnalysis.Debugging.ImportTargetKind.CurrentNamespace">
            <summary>
            VB containing namespace (not an import).
            </summary>
        </member>
        <member name="F:Microsoft.CodeAnalysis.Debugging.ImportTargetKind.DefaultNamespace">
            <summary>
            VB root namespace (not an import).
            </summary>
        </member>
        <member name="F:Microsoft.CodeAnalysis.Debugging.ImportTargetKind.Defunct">
            <summary>
            A kind that is no longer used.
            </summary>
        </member>
        <member name="F:Microsoft.CodeAnalysis.Debugging.StateMachineHoistedLocalScope.StartOffset">
            <summary>
            The offset of the first operation in the scope.
            </summary>
        </member>
        <member name="F:Microsoft.CodeAnalysis.Debugging.StateMachineHoistedLocalScope.EndOffset">
            <summary>
            The offset of the first operation outside of the scope, or the method body length.
            If zero then <see cref="F:Microsoft.CodeAnalysis.Debugging.StateMachineHoistedLocalScope.StartOffset"/> is also zero and the slot represents a synthesized local.
            </summary>
        </member>
        <member name="T:Microsoft.DiaSymReader.Tools.PdbToXmlConverter">
            <summary>
            Class to write out XML for a PDB.
            </summary>
        </member>
        <member name="M:Microsoft.DiaSymReader.Tools.PdbToXmlConverter.ToXml(System.IO.TextWriter,System.IO.Stream,System.Reflection.Metadata.MetadataReader,Microsoft.DiaSymReader.Tools.PdbToXmlOptions,System.Collections.Generic.IEnumerable{System.Reflection.Metadata.MethodDefinitionHandle})">
            <summary>
            Load the PDB given the parameters at the ctor and spew it out to the XmlWriter specified
            at the ctor.
            </summary>
        </member>
        <member name="M:Microsoft.DiaSymReader.Tools.PdbToXmlConverter.WriteMethodCustomDebugInfo(System.Byte[])">
            <summary>
            Given a byte array of custom debug info, parse the array and write out XML describing
            its structure and contents.
            </summary>
        </member>
        <member name="M:Microsoft.DiaSymReader.Tools.PdbToXmlConverter.WriteUnknownCustomDebugInfo(Microsoft.CodeAnalysis.Debugging.CustomDebugInfoRecord)">
            <summary>
            If the custom debug info is in a format that we don't understand, then we will
            just print a standard record header followed by the rest of the record as a
            single hex string.
            </summary>
        </member>
        <member name="M:Microsoft.DiaSymReader.Tools.PdbToXmlConverter.WriteUsingGroupsCustomDebugInfo(System.Collections.Immutable.ImmutableArray{System.Byte})">
            <summary>
            For each namespace declaration enclosing a method (innermost-to-outermost), there is a count
            of the number of imports in that declaration.
            </summary>
            <remarks>
            There's always at least one entry (for the global namespace).
            </remarks>
        </member>
        <member name="M:Microsoft.DiaSymReader.Tools.PdbToXmlConverter.WriteForwardMethodInfoCustomDebugInfo(System.Collections.Immutable.ImmutableArray{System.Byte})">
            <summary>
            This indicates that further information can be obtained by looking at the custom debug
            info of another method (specified by token).
            </summary>
            <remarks>
            Emitting tokens makes tests more fragile.
            </remarks>
        </member>
        <member name="M:Microsoft.DiaSymReader.Tools.PdbToXmlConverter.WriteForwardModuleInfoCustomDebugInfo(System.Collections.Immutable.ImmutableArray{System.Byte})">
            <summary>
            This indicates that further information can be obtained by looking at the custom debug
            info of another method (specified by token).
            </summary>
            <remarks>
            Appears when there are extern aliases and edit-and-continue is disabled.
            Emitting tokens makes tests more fragile.
            </remarks>
        </member>
        <member name="M:Microsoft.DiaSymReader.Tools.PdbToXmlConverter.DecodePortableHoistedLocalScopes(System.Collections.Immutable.ImmutableArray{System.Byte})">
            <exception cref="T:System.BadImageFormatException">Invalid data format.</exception>
        </member>
        <member name="M:Microsoft.DiaSymReader.Tools.PdbToXmlConverter.WriteStateMachineTypeNameCustomDebugInfo(System.Collections.Immutable.ImmutableArray{System.Byte})">
            <summary>
            Contains a name string.
            TODO: comment when the structure is understood.
            </summary>
            <remarks>
            Appears when are iterator methods.
            </remarks>
        </member>
        <member name="M:Microsoft.DiaSymReader.Tools.PdbToXmlConverter.WriteDynamicLocalsCustomDebugInfo(System.Collections.Immutable.ImmutableArray{System.Byte})">
            <summary>
            Contains a list of buckets, each of which contains a number of flags, a slot ID, and a name.
            TODO: comment when the structure is understood.
            </summary>
            <remarks>
            Appears when there are dynamic locals.
            </remarks>
        </member>
        <member name="F:Microsoft.DiaSymReader.Tools.PdbToXmlOptions.UseNativeReader">
            <summary>
            Use DIA for reading Portable PDBs.
            Note that not all information is available via DIA APIs.
            </summary>
        </member>
        <member name="P:Microsoft.DiaSymReader.Tools.ConverterResources.MetadataNotAvailable">
            <summary>Metadata not available</summary>
        </member>
        <member name="P:Microsoft.DiaSymReader.Tools.ConverterResources.StreamMustBeReadable">
            <summary>Stream must be readable</summary>
        </member>
        <member name="P:Microsoft.DiaSymReader.Tools.ConverterResources.StreamMustBeSeakable">
            <summary>Stream must be seakable</summary>
        </member>
        <member name="P:Microsoft.DiaSymReader.Tools.ConverterResources.StreamMustBeWritable">
            <summary>Stream must be writable</summary>
        </member>
        <member name="P:Microsoft.DiaSymReader.Tools.PdbToXmlResources.UnexpectedTokenKind">
            <summary>unexpected token kind: {0}</summary>
        </member>
        <member name="T:System.Diagnostics.CodeAnalysis.AllowNullAttribute">
            <summary>Specifies that null is allowed as an input even if the corresponding type disallows it.</summary>
        </member>
        <member name="T:System.Diagnostics.CodeAnalysis.DisallowNullAttribute">
            <summary>Specifies that null is disallowed as an input even if the corresponding type allows it.</summary>
        </member>
        <member name="T:System.Diagnostics.CodeAnalysis.MaybeNullAttribute">
            <summary>Specifies that an output may be null even if the corresponding type disallows it.</summary>
        </member>
        <member name="T:System.Diagnostics.CodeAnalysis.NotNullAttribute">
            <summary>Specifies that an output will not be null even if the corresponding type allows it.</summary>
        </member>
        <member name="T:System.Diagnostics.CodeAnalysis.MaybeNullWhenAttribute">
            <summary>Specifies that when a method returns <see cref="P:System.Diagnostics.CodeAnalysis.MaybeNullWhenAttribute.ReturnValue"/>, the parameter may be null even if the corresponding type disallows it.</summary>
        </member>
        <member name="M:System.Diagnostics.CodeAnalysis.MaybeNullWhenAttribute.#ctor(System.Boolean)">
            <summary>Initializes the attribute with the specified return value condition.</summary>
            <param name="returnValue">
            The return value condition. If the method returns this value, the associated parameter may be null.
            </param>
        </member>
        <member name="P:System.Diagnostics.CodeAnalysis.MaybeNullWhenAttribute.ReturnValue">
            <summary>Gets the return value condition.</summary>
        </member>
        <member name="T:System.Diagnostics.CodeAnalysis.NotNullWhenAttribute">
            <summary>Specifies that when a method returns <see cref="P:System.Diagnostics.CodeAnalysis.NotNullWhenAttribute.ReturnValue"/>, the parameter will not be null even if the corresponding type allows it.</summary>
        </member>
        <member name="M:System.Diagnostics.CodeAnalysis.NotNullWhenAttribute.#ctor(System.Boolean)">
            <summary>Initializes the attribute with the specified return value condition.</summary>
            <param name="returnValue">
            The return value condition. If the method returns this value, the associated parameter will not be null.
            </param>
        </member>
        <member name="P:System.Diagnostics.CodeAnalysis.NotNullWhenAttribute.ReturnValue">
            <summary>Gets the return value condition.</summary>
        </member>
        <member name="T:System.Diagnostics.CodeAnalysis.NotNullIfNotNullAttribute">
            <summary>Specifies that the output will be non-null if the named parameter is non-null.</summary>
        </member>
        <member name="M:System.Diagnostics.CodeAnalysis.NotNullIfNotNullAttribute.#ctor(System.String)">
            <summary>Initializes the attribute with the associated parameter name.</summary>
            <param name="parameterName">
            The associated parameter name.  The output will be non-null if the argument to the parameter specified is non-null.
            </param>
        </member>
        <member name="P:System.Diagnostics.CodeAnalysis.NotNullIfNotNullAttribute.ParameterName">
            <summary>Gets the associated parameter name.</summary>
        </member>
        <member name="T:System.Diagnostics.CodeAnalysis.DoesNotReturnAttribute">
            <summary>Applied to a method that will never return under any circumstance.</summary>
        </member>
        <member name="T:System.Diagnostics.CodeAnalysis.DoesNotReturnIfAttribute">
            <summary>Specifies that the method will not return if the associated Boolean parameter is passed the specified value.</summary>
        </member>
        <member name="M:System.Diagnostics.CodeAnalysis.DoesNotReturnIfAttribute.#ctor(System.Boolean)">
            <summary>Initializes the attribute with the specified parameter value.</summary>
            <param name="parameterValue">
            The condition parameter value. Code after the method will be considered unreachable by diagnostics if the argument to
            the associated parameter matches this value.
            </param>
        </member>
        <member name="P:System.Diagnostics.CodeAnalysis.DoesNotReturnIfAttribute.ParameterValue">
            <summary>Gets the condition parameter value.</summary>
        </member>
        <member name="M:System.NullableDebug.Assert(System.Boolean)">
            <inheritdoc cref="M:System.Diagnostics.Debug.Assert(System.Boolean)"/>
        </member>
        <member name="M:System.NullableDebug.Assert(System.Boolean,System.String)">
            <inheritdoc cref="M:System.Diagnostics.Debug.Assert(System.Boolean,System.String)"/>
        </member>
    </members>
</doc>
